"CIK","Uri","AccessionNumber","FileName","OutFile","FilingDate","ReportDate","AcceptanceDateTime","Act","Form","FileNumber","FilmNumber","Items","Core_type","Size","IsXBRL","IsInlineXBRL","PrimaryDocument","PrimaryDocDescription"
"36104","https://www.sec.gov/Archives/edgar/data/0000036104/000119312521052547/0001193125-21-052547.txt","0001193125-21-052547","0001193125-21-052547.txt","./www.sec.gov/Archives/edgar/data/0000036104/000119312521052547/0001193125-21-052547.txt","2021-02-23","2020-12-31","2/23/2021 10:13:37 PM","34","10-K","001-06880","21666755","","XBRL","36120419","1","1","d14650d10k.htm","FORM 10-K"
"72971","https://www.sec.gov/Archives/edgar/data/0000072971/000007297121000197/0000072971-21-000197.txt","0000072971-21-000197","0000072971-21-000197.txt","./www.sec.gov/Archives/edgar/data/0000072971/000007297121000197/0000072971-21-000197.txt","2021-02-23","2020-12-31","2/23/2021 9:58:04 PM","34","10-K","001-02979","21666484","","XBRL","80062313","1","1","wfc-20201231.htm","FORM 10-K"
"70858","https://www.sec.gov/Archives/edgar/data/0000070858/000007085821000016/0000070858-21-000016.txt","0000070858-21-000016","0000070858-21-000016.txt","./www.sec.gov/Archives/edgar/data/0000070858/000007085821000016/0000070858-21-000016.txt","2021-02-12","2021-02-12","2/12/2021 9:26:42 PM","34","8-K","001-06523","21628012","8.01","XBRL","427617","1","1","bac-20210212.htm","8-K"
"72971","https://www.sec.gov/Archives/edgar/data/0000072971/000119312521041571/0001193125-21-041571.txt","0001193125-21-041571","0001193125-21-041571.txt","./www.sec.gov/Archives/edgar/data/0000072971/000119312521041571/0001193125-21-041571.txt","2021-02-12","2021-02-12","2/12/2021 9:18:03 PM","34","8-K","001-02979","21627702","8.01,9.01","XBRL","455312","1","1","d45079d8k.htm","8-K"
"72971","https://www.sec.gov/Archives/edgar/data/0000072971/000119312521035451/0001193125-21-035451.txt","0001193125-21-035451","0001193125-21-035451.txt","./www.sec.gov/Archives/edgar/data/0000072971/000119312521035451/0001193125-21-035451.txt","2021-02-10","2021-02-10","2/10/2021 1:11:02 PM","34","8-K","001-02979","21609358","8.01,9.01","XBRL","371953","1","1","d58419d8k.htm","8-K"
"72971","https://www.sec.gov/Archives/edgar/data/0000072971/000119312521033639/0001193125-21-033639.txt","0001193125-21-033639","0001193125-21-033639.txt","./www.sec.gov/Archives/edgar/data/0000072971/000119312521033639/0001193125-21-033639.txt","2021-02-09","2021-02-09","2/9/2021 3:43:33 PM","34","8-K","001-02979","21604529","8.01,9.01","XBRL","395924","1","1","d120871d8k.htm","8-K"
"36104","https://www.sec.gov/Archives/edgar/data/0000036104/000110465921010506/0001104659-21-010506.txt","0001104659-21-010506","0001104659-21-010506.txt","./www.sec.gov/Archives/edgar/data/0000036104/000110465921010506/0001104659-21-010506.txt","2021-02-02","2021-02-01","2/2/2021 11:54:04 AM","34","8-K","001-06880","21578977","3.03,5.03,8.01,9.01","XBRL","902370","1","1","tm214004d4_8k.htm","FORM 8-K"
"72971","https://www.sec.gov/Archives/edgar/data/0000072971/000119312521024026/0001193125-21-024026.txt","0001193125-21-024026","0001193125-21-024026.txt","./www.sec.gov/Archives/edgar/data/0000072971/000119312521024026/0001193125-21-024026.txt","2021-02-01","2021-01-28","2/1/2021 3:45:05 PM","34","8-K","001-02979","21575298","5.03,9.01","XBRL","981778","1","1","d123569d8k.htm","8-K"
"72971","https://www.sec.gov/Archives/edgar/data/0000072971/000007297121000019/0000072971-21-000019.txt","0000072971-21-000019","0000072971-21-000019.txt","./www.sec.gov/Archives/edgar/data/0000072971/000007297121000019/0000072971-21-000019.txt","2021-01-29","2021-01-26","1/29/2021 9:49:16 PM","34","8-K","001-02979","21571968","5.02","XBRL","384792","1","1","wfc-20210126.htm","FORM 8-K"
"72971","https://www.sec.gov/Archives/edgar/data/0000072971/000119312521021930/0001193125-21-021930.txt","0001193125-21-021930","0001193125-21-021930.txt","./www.sec.gov/Archives/edgar/data/0000072971/000119312521021930/0001193125-21-021930.txt","2021-01-29","2021-01-29","1/29/2021 2:52:03 PM","34","8-K","001-02979","21568561","8.01,9.01","XBRL","401418","1","1","d137272d8k.htm","8-K"
"70858","https://www.sec.gov/Archives/edgar/data/0000070858/000119312521020850/0001193125-21-020850.txt","0001193125-21-020850","0001193125-21-020850.txt","./www.sec.gov/Archives/edgar/data/0000070858/000119312521020850/0001193125-21-020850.txt","2021-01-28","2021-01-28","1/28/2021 9:38:03 PM","34","8-K","001-06523","21565654","3.03,5.03,8.01,9.01","XBRL","560476","1","1","d106626d8k.htm","8-K"
"36104","https://www.sec.gov/Archives/edgar/data/0000036104/000119312521018893/0001193125-21-018893.txt","0001193125-21-018893","0001193125-21-018893.txt","./www.sec.gov/Archives/edgar/data/0000036104/000119312521018893/0001193125-21-018893.txt","2021-01-27","2021-01-22","1/27/2021 6:45:33 PM","34","8-K","001-06880","21558734","5.02,9.01","XBRL","258530","1","1","d32105d8k.htm","8-K"
"72971","https://www.sec.gov/Archives/edgar/data/0000072971/000119312521017280/0001193125-21-017280.txt","0001193125-21-017280","0001193125-21-017280.txt","./www.sec.gov/Archives/edgar/data/0000072971/000119312521017280/0001193125-21-017280.txt","2021-01-26","2021-01-26","1/26/2021 3:39:04 PM","34","8-K","001-02979","21552170","8.01,9.01","XBRL","960080","1","1","d108472d8k.htm","8-K"
"72971","https://www.sec.gov/Archives/edgar/data/0000072971/000119312521017127/0001193125-21-017127.txt","0001193125-21-017127","0001193125-21-017127.txt","./www.sec.gov/Archives/edgar/data/0000072971/000119312521017127/0001193125-21-017127.txt","2021-01-26","2021-01-25","1/26/2021 1:59:56 PM","34","8-K","001-02979","21551830","8.01,9.01","XBRL","370743","1","1","d108216d8k.htm","8-K"
"72971","https://www.sec.gov/Archives/edgar/data/0000072971/000119312521014338/0001193125-21-014338.txt","0001193125-21-014338","0001193125-21-014338.txt","./www.sec.gov/Archives/edgar/data/0000072971/000119312521014338/0001193125-21-014338.txt","2021-01-22","2021-01-22","1/22/2021 3:26:03 PM","34","8-K","001-02979","21544255","5.03,9.01","XBRL","401676","1","1","d104333d8k.htm","8-K"
"36104","https://www.sec.gov/Archives/edgar/data/0000036104/000119312521011887/0001193125-21-011887.txt","0001193125-21-011887","0001193125-21-011887.txt","./www.sec.gov/Archives/edgar/data/0000036104/000119312521011887/0001193125-21-011887.txt","2021-01-20","2021-01-20","1/20/2021 11:51:21 AM","34","8-K","001-06880","21537382","2.02,9.01","XBRL","12337226","1","1","d206820d8k.htm","8-K"
"72971","https://www.sec.gov/Archives/edgar/data/0000072971/000119312521010889/0001193125-21-010889.txt","0001193125-21-010889","0001193125-21-010889.txt","./www.sec.gov/Archives/edgar/data/0000072971/000119312521010889/0001193125-21-010889.txt","2021-01-19","2021-01-19","1/19/2021 1:37:33 PM","34","8-K","001-02979","21534044","8.01,9.01","XBRL","340808","1","1","d108900d8k.htm","8-K"
"70858","https://www.sec.gov/Archives/edgar/data/0000070858/000007085821000004/0000070858-21-000004.txt","0000070858-21-000004","0000070858-21-000004.txt","./www.sec.gov/Archives/edgar/data/0000070858/000007085821000004/0000070858-21-000004.txt","2021-01-19","2021-01-19","1/19/2021 11:45:43 AM","34","8-K","001-06523","21533809","2.02,7.01,8.01,9.01","XBRL","17428859","1","1","bac-20210119.htm","8-K"
"713676","https://www.sec.gov/Archives/edgar/data/0000713676/000071367621000016/0000713676-21-000016.txt","0000713676-21-000016","0000713676-21-000016.txt","./www.sec.gov/Archives/edgar/data/0000713676/000071367621000016/0000713676-21-000016.txt","2021-01-15","2021-01-15","1/15/2021 6:20:20 PM","34","8-K","001-09718","21531212","2.02,8.01,9.01","XBRL","7079928","1","1","pnc-20210115.htm","8-K"
"72971","https://www.sec.gov/Archives/edgar/data/0000072971/000007297121000008/0000072971-21-000008.txt","0000072971-21-000008","0000072971-21-000008.txt","./www.sec.gov/Archives/edgar/data/0000072971/000007297121000008/0000072971-21-000008.txt","2021-01-15","2021-01-15","1/15/2021 12:45:37 PM","34","8-K","001-02979","21530537","2.02,7.01,9.01","XBRL","8064817","1","1","wfc-20210115.htm","FORM 8-K"
"713676","https://www.sec.gov/Archives/edgar/data/0000713676/000071367621000011/0000713676-21-000011.txt","0000713676-21-000011","0000713676-21-000011.txt","./www.sec.gov/Archives/edgar/data/0000713676/000071367621000011/0000713676-21-000011.txt","2021-01-15","2021-01-15","1/15/2021 11:53:15 AM","34","8-K","001-09718","21530497","2.02,9.01","XBRL","977249","1","1","pnc-20210115.htm","8-K"
"72971","https://www.sec.gov/Archives/edgar/data/0000072971/000007297121000003/0000072971-21-000003.txt","0000072971-21-000003","0000072971-21-000003.txt","./www.sec.gov/Archives/edgar/data/0000072971/000007297121000003/0000072971-21-000003.txt","2021-01-08","2021-01-08","1/8/2021 9:56:08 PM","34","8-K","001-02979","21518148","8.01,9.01","XBRL","1638039","1","1","wfc-20210108.htm","FORM 8-K"
"36104","https://www.sec.gov/Archives/edgar/data/0000036104/000119312520324609/0001193125-20-324609.txt","0001193125-20-324609","0001193125-20-324609.txt","./www.sec.gov/Archives/edgar/data/0000036104/000119312520324609/0001193125-20-324609.txt","2020-12-22","2020-12-21","12/22/2020 9:45:32 PM","34","8-K","001-06880","201408553","8.01,9.01","XBRL","299326","1","1","d49107d8k.htm","8-K"
"72971","https://www.sec.gov/Archives/edgar/data/0000072971/000119312520318716/0001193125-20-318716.txt","0001193125-20-318716","0001193125-20-318716.txt","./www.sec.gov/Archives/edgar/data/0000072971/000119312520318716/0001193125-20-318716.txt","2020-12-16","2020-12-16","12/16/2020 3:18:03 PM","34","8-K","001-02979","201391484","5.03,9.01","XBRL","332568","1","1","d29924d8k.htm","8-K"
"36104","https://www.sec.gov/Archives/edgar/data/0000036104/000119312520313440/0001193125-20-313440.txt","0001193125-20-313440","0001193125-20-313440.txt","./www.sec.gov/Archives/edgar/data/0000036104/000119312520313440/0001193125-20-313440.txt","2020-12-09","2020-12-09","12/9/2020 2:41:07 PM","34","8-K","001-06880","201377085","7.01,9.01","XBRL","4020398","1","1","d90055d8k.htm","8-K"
"36104","https://www.sec.gov/Archives/edgar/data/0000036104/000110465920133443/0001104659-20-133443.txt","0001104659-20-133443","0001104659-20-133443.txt","./www.sec.gov/Archives/edgar/data/0000036104/000110465920133443/0001104659-20-133443.txt","2020-12-09","2020-12-09","12/9/2020 2:07:27 PM","34","8-K","001-06880","201377029","8.01,9.01","XBRL","350194","1","1","tm2037930d1_8k.htm","FORM 8-K"
"72971","https://www.sec.gov/Archives/edgar/data/0000072971/000138713120010368/0001387131-20-010368.txt","0001387131-20-010368","0001387131-20-010368.txt","./www.sec.gov/Archives/edgar/data/0000072971/000138713120010368/0001387131-20-010368.txt","2020-11-30","2020-11-25","11/30/2020 8:00:13 PM","34","8-K","001-02979","201357897","9.01","XBRL","564393","1","1","wfc-8k_113020.htm","CURRENT REPORT"
"72971","https://www.sec.gov/Archives/edgar/data/0000072971/000007297120000366/0000072971-20-000366.txt","0000072971-20-000366","0000072971-20-000366.txt","./www.sec.gov/Archives/edgar/data/0000072971/000007297120000366/0000072971-20-000366.txt","2020-11-19","2020-11-16","11/19/2020 9:11:22 PM","34","8-K","001-02979","201328940","5.04,9.01","XBRL","1407446","1","1","wfc-20201116.htm","FORM 8-K"
"713676","https://www.sec.gov/Archives/edgar/data/0000713676/000071367620000151/0000713676-20-000151.txt","0000713676-20-000151","0000713676-20-000151.txt","./www.sec.gov/Archives/edgar/data/0000713676/000071367620000151/0000713676-20-000151.txt","2020-11-19","2020-11-15","11/19/2020 9:03:36 PM","34","8-K","001-09718","201328833","1.01,9.01","XBRL","1013529","1","1","a8-k1119bbva.htm","8-K"
"713676","https://www.sec.gov/Archives/edgar/data/0000713676/000071367620000142/0000713676-20-000142.txt","0000713676-20-000142","0000713676-20-000142.txt","./www.sec.gov/Archives/edgar/data/0000713676/000071367620000142/0000713676-20-000142.txt","2020-11-16","2020-11-16","11/16/2020 4:15:15 PM","34","8-K","001-09718","201314618","7.01,9.01","XBRL","4254752","1","1","a8-k1116projectmagnet.htm","8-K"
"36104","https://www.sec.gov/Archives/edgar/data/0000036104/000119312520286983/0001193125-20-286983.txt","0001193125-20-286983","0001193125-20-286983.txt","./www.sec.gov/Archives/edgar/data/0000036104/000119312520286983/0001193125-20-286983.txt","2020-11-05","2020-09-30","11/5/2020 10:07:05 PM","34","10-Q","001-06880","201291476","","XBRL","28123523","1","1","d947218d10q.htm","10-Q"
"72971","https://www.sec.gov/Archives/edgar/data/0000072971/000007297120000340/0000072971-20-000340.txt","0000072971-20-000340","0000072971-20-000340.txt","./www.sec.gov/Archives/edgar/data/0000072971/000007297120000340/0000072971-20-000340.txt","2020-11-05","2020-11-05","11/5/2020 1:06:46 PM","34","8-K","001-02979","201288789","8.01,9.01","XBRL","1085499","1","1","wfc-20201105.htm","FORM 8-K"
"713676","https://www.sec.gov/Archives/edgar/data/0000713676/000071367620000139/0000713676-20-000139.txt","0000713676-20-000139","0000713676-20-000139.txt","./www.sec.gov/Archives/edgar/data/0000713676/000071367620000139/0000713676-20-000139.txt","2020-11-03","2020-09-30","11/3/2020 3:15:47 PM","34","10-Q","001-09718","201282199","","XBRL","40991158","1","1","pncq3202010-q.htm","10-Q"
"72971","https://www.sec.gov/Archives/edgar/data/0000072971/000007297120000338/0000072971-20-000338.txt","0000072971-20-000338","0000072971-20-000338.txt","./www.sec.gov/Archives/edgar/data/0000072971/000007297120000338/0000072971-20-000338.txt","2020-11-02","2020-09-30","11/2/2020 9:09:12 PM","34","10-Q","001-02979","201280546","","XBRL","78489868","1","1","wfc-20200930.htm","FORM 10-Q"
"70858","https://www.sec.gov/Archives/edgar/data/0000070858/000007085820000071/0000070858-20-000071.txt","0000070858-20-000071","0000070858-20-000071.txt","./www.sec.gov/Archives/edgar/data/0000070858/000007085820000071/0000070858-20-000071.txt","2020-10-30","2020-09-30","10/30/2020 8:57:16 PM","34","10-Q","001-06523","201278022","","XBRL","54032095","1","1","bac-20200930.htm","10-Q"
"72971","https://www.sec.gov/Archives/edgar/data/0000072971/000138713120009477/0001387131-20-009477.txt","0001387131-20-009477","0001387131-20-009477.txt","./www.sec.gov/Archives/edgar/data/0000072971/000138713120009477/0001387131-20-009477.txt","2020-10-30","2020-10-30","10/30/2020 7:07:54 PM","34","8-K","001-02979","201276902","9.01","XBRL","617408","1","1","wfc-8k_103020.htm","CURRENT REPORT"
"70858","https://www.sec.gov/Archives/edgar/data/0000070858/000119312520281105/0001193125-20-281105.txt","0001193125-20-281105","0001193125-20-281105.txt","./www.sec.gov/Archives/edgar/data/0000070858/000119312520281105/0001193125-20-281105.txt","2020-10-29","2020-10-29","10/29/2020 8:40:01 PM","34","8-K","001-06523","201273143","3.03,5.03,8.01,9.01","XBRL","539761","1","1","d12431d8k.htm","8-K"
"72971","https://www.sec.gov/Archives/edgar/data/0000072971/000119312520279311/0001193125-20-279311.txt","0001193125-20-279311","0001193125-20-279311.txt","./www.sec.gov/Archives/edgar/data/0000072971/000119312520279311/0001193125-20-279311.txt","2020-10-28","2020-10-27","10/28/2020 2:40:05 PM","34","8-K","001-02979","201266737","5.03,9.01","XBRL","979716","1","1","d901087d8k.htm","8-K"
"36104","https://www.sec.gov/Archives/edgar/data/0000036104/000110465920118377/0001104659-20-118377.txt","0001104659-20-118377","0001104659-20-118377.txt","./www.sec.gov/Archives/edgar/data/0000036104/000110465920118377/0001104659-20-118377.txt","2020-10-27","2020-10-26","10/27/2020 11:37:38 AM","34","8-K","001-06880","201262051","3.03,5.03,8.01,9.01","XBRL","845090","1","1","tm2034145d1_8k.htm","FORM 8-K"
"713676","https://www.sec.gov/Archives/edgar/data/0000713676/000071367620000135/0000713676-20-000135.txt","0000713676-20-000135","0000713676-20-000135.txt","./www.sec.gov/Archives/edgar/data/0000713676/000071367620000135/0000713676-20-000135.txt","2020-10-14","2020-10-14","10/14/2020 4:13:10 PM","34","8-K","001-09718","201238596","2.02,8.01,9.01","XBRL","7743714","1","1","q320208-kfs.htm","8-K"
"72971","https://www.sec.gov/Archives/edgar/data/0000072971/000007297120000332/0000072971-20-000332.txt","0000072971-20-000332","0000072971-20-000332.txt","./www.sec.gov/Archives/edgar/data/0000072971/000007297120000332/0000072971-20-000332.txt","2020-10-14","2020-10-14","10/14/2020 11:45:47 AM","34","8-K","001-02979","201238224","2.02,9.01","XBRL","12624714","1","1","wfc-20201014.htm","8-K"
"713676","https://www.sec.gov/Archives/edgar/data/0000713676/000071367620000130/0000713676-20-000130.txt","0000713676-20-000130","0000713676-20-000130.txt","./www.sec.gov/Archives/edgar/data/0000713676/000071367620000130/0000713676-20-000130.txt","2020-10-14","2020-10-14","10/14/2020 10:54:12 AM","34","8-K","001-09718","201238195","2.02,9.01","XBRL","1310064","1","1","q320208-kfh.htm","8-K"
"36104","https://www.sec.gov/Archives/edgar/data/0000036104/000119312520268950/0001193125-20-268950.txt","0001193125-20-268950","0001193125-20-268950.txt","./www.sec.gov/Archives/edgar/data/0000036104/000119312520268950/0001193125-20-268950.txt","2020-10-14","2020-10-14","10/14/2020 10:52:12 AM","34","8-K","001-06880","201238194","2.02,9.01","XBRL","12337443","1","1","d36659d8k.htm","8-K"
"70858","https://www.sec.gov/Archives/edgar/data/0000070858/000007085820000065/0000070858-20-000065.txt","0000070858-20-000065","0000070858-20-000065.txt","./www.sec.gov/Archives/edgar/data/0000070858/000007085820000065/0000070858-20-000065.txt","2020-10-14","2020-10-14","10/14/2020 10:46:17 AM","34","8-K","001-06523","201238193","2.02,7.01,9.01","XBRL","18217277","1","1","bac-20201014.htm","8-K"
"713676","https://www.sec.gov/Archives/edgar/data/0000713676/000071367620000122/0000713676-20-000122.txt","0000713676-20-000122","0000713676-20-000122.txt","./www.sec.gov/Archives/edgar/data/0000713676/000071367620000122/0000713676-20-000122.txt","2020-10-01","2020-10-01","10/1/2020 8:10:42 PM","34","8-K","001-09718","201215983","5.02","XBRL","228771","1","1","a8-k101bod.htm","8-K"
"70858","https://www.sec.gov/Archives/edgar/data/0000070858/000007085820000061/0000070858-20-000061.txt","0000070858-20-000061","0000070858-20-000061.txt","./www.sec.gov/Archives/edgar/data/0000070858/000007085820000061/0000070858-20-000061.txt","2020-09-28","2020-09-23","9/28/2020 9:22:45 PM","34","8-K","001-06523","201205345","5.03,9.01","XBRL","844682","1","1","bac-20200923.htm","8-K"
"36104","https://www.sec.gov/Archives/edgar/data/0000036104/000119312520246024/0001193125-20-246024.txt","0001193125-20-246024","0001193125-20-246024.txt","./www.sec.gov/Archives/edgar/data/0000036104/000119312520246024/0001193125-20-246024.txt","2020-09-15","2020-09-15","9/15/2020 5:00:40 PM","34","8-K","001-06880","201175489","7.01,9.01","XBRL","9640290","1","1","d24555d8k.htm","8-K"
"72971","https://www.sec.gov/Archives/edgar/data/0000072971/000138713120007743/0001387131-20-007743.txt","0001387131-20-007743","0001387131-20-007743.txt","./www.sec.gov/Archives/edgar/data/0000072971/000138713120007743/0001387131-20-007743.txt","2020-08-21","2020-08-21","8/21/2020 7:03:23 PM","34","8-K","001-02979","201123101","9.01","XBRL","583477","1","1","wfc-8k_082120.htm","CURRENT REPORT"
"72971","https://www.sec.gov/Archives/edgar/data/0000072971/000007297120000320/0000072971-20-000320.txt","0000072971-20-000320","0000072971-20-000320.txt","./www.sec.gov/Archives/edgar/data/0000072971/000007297120000320/0000072971-20-000320.txt","2020-08-21","2020-08-20","8/21/2020 1:08:10 PM","34","8-K","001-02979","201121607","5.02,9.01","XBRL","781249","1","1","wfc08-21x20form8xk.htm","8-K"
"72971","https://www.sec.gov/Archives/edgar/data/0000072971/000138713120007524/0001387131-20-007524.txt","0001387131-20-007524","0001387131-20-007524.txt","./www.sec.gov/Archives/edgar/data/0000072971/000138713120007524/0001387131-20-007524.txt","2020-08-14","2020-08-14","8/14/2020 7:18:00 PM","34","8-K","001-02979","201104435","9.01","XBRL","500902","1","1","wfc-8k_081420.htm","CURRENT REPORT"
"72971","https://www.sec.gov/Archives/edgar/data/0000072971/000138713120007184/0001387131-20-007184.txt","0001387131-20-007184","0001387131-20-007184.txt","./www.sec.gov/Archives/edgar/data/0000072971/000138713120007184/0001387131-20-007184.txt","2020-08-07","2020-08-07","8/7/2020 10:10:44 PM","34","8-K","001-02979","201085768","9.01","XBRL","593832","1","1","wfc-8k_080720.htm","CURRENT REPORT"
"36104","https://www.sec.gov/Archives/edgar/data/0000036104/000119312520211979/0001193125-20-211979.txt","0001193125-20-211979","0001193125-20-211979.txt","./www.sec.gov/Archives/edgar/data/0000036104/000119312520211979/0001193125-20-211979.txt","2020-08-06","2020-06-30","8/6/2020 8:41:05 PM","34","10-Q","001-06880","201082342","","XBRL","28511566","1","1","d890129d10q.htm","10-Q"
"713676","https://www.sec.gov/Archives/edgar/data/0000713676/000071367620000117/0000713676-20-000117.txt","0000713676-20-000117","0000713676-20-000117.txt","./www.sec.gov/Archives/edgar/data/0000713676/000071367620000117/0000713676-20-000117.txt","2020-08-04","2020-08-04","8/4/2020 4:07:41 PM","34","8-K","001-09718","201072112","8.01,9.01","XBRL","60162571","1","1","a8-k10xkrecast.htm","8-K"
"713676","https://www.sec.gov/Archives/edgar/data/0000713676/000071367620000115/0000713676-20-000115.txt","0000713676-20-000115","0000713676-20-000115.txt","./www.sec.gov/Archives/edgar/data/0000713676/000071367620000115/0000713676-20-000115.txt","2020-08-04","2020-06-30","8/4/2020 3:29:48 PM","34","10-Q","001-09718","201071901","","XBRL","42273305","1","1","pncq2202010-q.htm","10-Q"
"72971","https://www.sec.gov/Archives/edgar/data/0000072971/000007297120000288/0000072971-20-000288.txt","0000072971-20-000288","0000072971-20-000288.txt","./www.sec.gov/Archives/edgar/data/0000072971/000007297120000288/0000072971-20-000288.txt","2020-08-04","2020-06-30","8/4/2020 1:53:20 PM","34","10-Q","001-02979","201071479","","XBRL","94884246","1","1","wfc-0630x2020x10q.htm","10-Q"
"72971","https://www.sec.gov/Archives/edgar/data/0000072971/000138713120006943/0001387131-20-006943.txt","0001387131-20-006943","0001387131-20-006943.txt","./www.sec.gov/Archives/edgar/data/0000072971/000138713120006943/0001387131-20-006943.txt","2020-07-31","2020-07-31","7/31/2020 7:02:03 PM","34","8-K","001-02979","201065607","9.01","XBRL","596143","1","1","wfc-8k_073120.htm","CURRENT REPORT"
"713676","https://www.sec.gov/Archives/edgar/data/0000713676/000071367620000107/0000713676-20-000107.txt","0000713676-20-000107","0000713676-20-000107.txt","./www.sec.gov/Archives/edgar/data/0000713676/000071367620000107/0000713676-20-000107.txt","2020-07-31","2020-07-31","7/31/2020 4:13:34 PM","34","8-K","001-09718","201064713","8.01,9.01","XBRL","471990","1","1","a8-k731preferredqstock.htm","8-K"
"70858","https://www.sec.gov/Archives/edgar/data/0000070858/000007085820000040/0000070858-20-000040.txt","0000070858-20-000040","0000070858-20-000040.txt","./www.sec.gov/Archives/edgar/data/0000070858/000007085820000040/0000070858-20-000040.txt","2020-07-31","2020-06-30","7/30/2020 11:25:26 PM","34","10-Q","001-06523","201062057","","XBRL","60371505","1","1","bac-0630202010xq.htm","10-Q"
"72971","https://www.sec.gov/Archives/edgar/data/0000072971/000119312520202431/0001193125-20-202431.txt","0001193125-20-202431","0001193125-20-202431.txt","./www.sec.gov/Archives/edgar/data/0000072971/000119312520202431/0001193125-20-202431.txt","2020-07-29","2020-07-29","7/29/2020 7:18:18 PM","34","8-K","001-02979","201057114","5.03,9.01","XBRL","330365","1","1","d91519d8k.htm","8-K"
"72971","https://www.sec.gov/Archives/edgar/data/0000072971/000007297120000282/0000072971-20-000282.txt","0000072971-20-000282","0000072971-20-000282.txt","./www.sec.gov/Archives/edgar/data/0000072971/000007297120000282/0000072971-20-000282.txt","2020-07-21","2020-07-17","7/21/2020 9:29:58 PM","34","8-K","001-02979","201039615","5.02,9.01","XBRL","2479507","1","1","wfc07-21x20form8xk.htm","8-K"
"72971","https://www.sec.gov/Archives/edgar/data/0000072971/000138713120006523/0001387131-20-006523.txt","0001387131-20-006523","0001387131-20-006523.txt","./www.sec.gov/Archives/edgar/data/0000072971/000138713120006523/0001387131-20-006523.txt","2020-07-20","2020-07-20","7/20/2020 3:01:29 PM","34","8-K","001-02979","201035690","9.01","XBRL","1157410","1","1","wfc-8k_072020.htm","CURRENT REPORT"
"72971","https://www.sec.gov/Archives/edgar/data/0000072971/000138713120006473/0001387131-20-006473.txt","0001387131-20-006473","0001387131-20-006473.txt","./www.sec.gov/Archives/edgar/data/0000072971/000138713120006473/0001387131-20-006473.txt","2020-07-17","2020-07-17","7/17/2020 10:01:25 AM","34","8-K","001-02979","201032701","9.01","XBRL","1089052","1","1","wfc-8k_071720.htm","CURRENT REPORT"
"70858","https://www.sec.gov/Archives/edgar/data/0000070858/000007085820000034/0000070858-20-000034.txt","0000070858-20-000034","0000070858-20-000034.txt","./www.sec.gov/Archives/edgar/data/0000070858/000007085820000034/0000070858-20-000034.txt","2020-07-16","2020-07-16","7/16/2020 10:45:55 AM","34","8-K","001-06523","201030732","2.02,7.01,9.01","XBRL","19117927","1","1","bac-063020208xk.htm","8-K"
"713676","https://www.sec.gov/Archives/edgar/data/0000713676/000071367620000100/0000713676-20-000100.txt","0000713676-20-000100","0000713676-20-000100.txt","./www.sec.gov/Archives/edgar/data/0000713676/000071367620000100/0000713676-20-000100.txt","2020-07-15","2020-07-15","7/15/2020 5:17:09 PM","34","8-K","001-09718","201028917","2.02,8.01,9.01","XBRL","7106244","1","1","q220208-kfs.htm","8-K"
"713676","https://www.sec.gov/Archives/edgar/data/0000713676/000071367620000096/0000713676-20-000096.txt","0000713676-20-000096","0000713676-20-000096.txt","./www.sec.gov/Archives/edgar/data/0000713676/000071367620000096/0000713676-20-000096.txt","2020-07-15","2020-07-15","7/15/2020 11:05:06 AM","34","8-K","001-09718","201028251","2.02,9.01","XBRL","1323009","1","1","q220208-kfh.htm","8-K"
"36104","https://www.sec.gov/Archives/edgar/data/0000036104/000119312520192926/0001193125-20-192926.txt","0001193125-20-192926","0001193125-20-192926.txt","./www.sec.gov/Archives/edgar/data/0000036104/000119312520192926/0001193125-20-192926.txt","2020-07-15","2020-07-15","7/15/2020 10:51:12 AM","34","8-K","001-06880","201028247","2.02,9.01","XBRL","11666236","1","1","d939993d8k.htm","8-K"
"72971","https://www.sec.gov/Archives/edgar/data/0000072971/000007297120000280/0000072971-20-000280.txt","0000072971-20-000280","0000072971-20-000280.txt","./www.sec.gov/Archives/edgar/data/0000072971/000007297120000280/0000072971-20-000280.txt","2020-07-14","2020-07-14","7/14/2020 11:46:06 AM","34","8-K","001-02979","201026331","2.02,9.01","XBRL","13426201","1","1","wfc2qer07-14x20form8xk.htm","8-K"
"72971","https://www.sec.gov/Archives/edgar/data/0000072971/000138713120006079/0001387131-20-006079.txt","0001387131-20-006079","0001387131-20-006079.txt","./www.sec.gov/Archives/edgar/data/0000072971/000138713120006079/0001387131-20-006079.txt","2020-06-30","2020-06-30","6/30/2020 7:32:00 PM","34","8-K","001-02979","201002199","9.01","XBRL","854507","1","1","wfc-8k_063020.htm","CURRENT REPORT"
"36104","https://www.sec.gov/Archives/edgar/data/0000036104/000119312520183525/0001193125-20-183525.txt","0001193125-20-183525","0001193125-20-183525.txt","./www.sec.gov/Archives/edgar/data/0000036104/000119312520183525/0001193125-20-183525.txt","2020-06-30","2020-06-29","6/30/2020 2:14:03 PM","34","8-K","001-06880","201000861","8.01,9.01","XBRL","250901","1","1","d944775d8k.htm","8-K"
"72971","https://www.sec.gov/Archives/edgar/data/0000072971/000007297120000276/0000072971-20-000276.txt","0000072971-20-000276","0000072971-20-000276.txt","./www.sec.gov/Archives/edgar/data/0000072971/000007297120000276/0000072971-20-000276.txt","2020-06-29","2020-06-29","6/29/2020 10:16:44 PM","34","8-K","001-02979","20998261","8.01,9.01","XBRL","914942","1","1","wfc06-29x20form8xk.htm","8-K"
"72971","https://www.sec.gov/Archives/edgar/data/0000072971/000138713120005736/0001387131-20-005736.txt","0001387131-20-005736","0001387131-20-005736.txt","./www.sec.gov/Archives/edgar/data/0000072971/000138713120005736/0001387131-20-005736.txt","2020-06-17","2020-06-17","6/17/2020 7:12:48 PM","34","8-K","001-02979","20969543","9.01","XBRL","1241061","1","1","wfc-8k_061720.htm","CURRENT REPORT"
"72971","https://www.sec.gov/Archives/edgar/data/0000072971/000138713120005640/0001387131-20-005640.txt","0001387131-20-005640","0001387131-20-005640.txt","./www.sec.gov/Archives/edgar/data/0000072971/000138713120005640/0001387131-20-005640.txt","2020-06-12","2020-06-12","6/12/2020 7:04:43 PM","34","8-K","001-02979","20959966","9.01","XBRL","502861","1","1","wfc-8k_061220.htm","CURRENT REPORT"
"72971","https://www.sec.gov/Archives/edgar/data/0000072971/000138713120005492/0001387131-20-005492.txt","0001387131-20-005492","0001387131-20-005492.txt","./www.sec.gov/Archives/edgar/data/0000072971/000138713120005492/0001387131-20-005492.txt","2020-06-05","2020-06-05","6/5/2020 7:06:52 PM","34","8-K","001-02979","20945915","9.01","XBRL","503552","1","1","wfc-8k_060520.htm","CURRENT REPORT"
"72971","https://www.sec.gov/Archives/edgar/data/0000072971/000119312520158420/0001193125-20-158420.txt","0001193125-20-158420","0001193125-20-158420.txt","./www.sec.gov/Archives/edgar/data/0000072971/000119312520158420/0001193125-20-158420.txt","2020-06-02","2020-06-02","6/2/2020 7:37:21 PM","34","8-K","001-02979","20936836","9.01","XBRL","572043","1","1","d904807d8k.htm","8-K"
"72971","https://www.sec.gov/Archives/edgar/data/0000072971/000138713120005426/0001387131-20-005426.txt","0001387131-20-005426","0001387131-20-005426.txt","./www.sec.gov/Archives/edgar/data/0000072971/000138713120005426/0001387131-20-005426.txt","2020-06-02","2020-06-02","6/2/2020 7:04:57 PM","34","8-K","001-02979","20936728","9.01","XBRL","660082","1","1","wfc-8k_060220.htm","CURRENT REPORT"
"72971","https://www.sec.gov/Archives/edgar/data/0000072971/000138713120005135/0001387131-20-005135.txt","0001387131-20-005135","0001387131-20-005135.txt","./www.sec.gov/Archives/edgar/data/0000072971/000138713120005135/0001387131-20-005135.txt","2020-05-22","2020-05-22","5/22/2020 7:02:25 PM","34","8-K","001-02979","20905436","9.01","XBRL","799089","1","1","wfc-8k_052220.htm","CURRENT REPORT"
"713676","https://www.sec.gov/Archives/edgar/data/0000713676/000071367620000092/0000713676-20-000092.txt","0000713676-20-000092","0000713676-20-000092.txt","./www.sec.gov/Archives/edgar/data/0000713676/000071367620000092/0000713676-20-000092.txt","2020-05-21","2020-05-15","5/21/2020 8:17:45 PM","34","8-K","001-09718","20902079","2.01,9.01","XBRL","1426522","1","1","a8-k521proforma.htm","8-K"
"72971","https://www.sec.gov/Archives/edgar/data/0000072971/000138713120004941/0001387131-20-004941.txt","0001387131-20-004941","0001387131-20-004941.txt","./www.sec.gov/Archives/edgar/data/0000072971/000138713120004941/0001387131-20-004941.txt","2020-05-18","2020-05-18","5/18/2020 7:10:12 PM","34","8-K","001-02979","20889133","9.01","XBRL","496802","1","1","wfc-8k_051820.htm","CURRENT REPORT"
"72971","https://www.sec.gov/Archives/edgar/data/0000072971/000138713120004894/0001387131-20-004894.txt","0001387131-20-004894","0001387131-20-004894.txt","./www.sec.gov/Archives/edgar/data/0000072971/000138713120004894/0001387131-20-004894.txt","2020-05-15","2020-05-15","5/15/2020 7:07:41 PM","34","8-K","001-02979","20884307","9.01","XBRL","901475","1","1","wfc-8k_051520.htm","CURRENT REPORT"
"713676","https://www.sec.gov/Archives/edgar/data/0000713676/000071367620000089/0000713676-20-000089.txt","0000713676-20-000089","0000713676-20-000089.txt","./www.sec.gov/Archives/edgar/data/0000713676/000071367620000089/0000713676-20-000089.txt","2020-05-15","2020-05-11","5/15/2020 6:49:52 PM","34","8-K","001-09718","20884153","1.01,8.01,9.01","XBRL","973917","1","1","a8-k515blackrock.htm","8-K"
"36104","https://www.sec.gov/Archives/edgar/data/0000036104/000119312520136359/0001193125-20-136359.txt","0001193125-20-136359","0001193125-20-136359.txt","./www.sec.gov/Archives/edgar/data/0000036104/000119312520136359/0001193125-20-136359.txt","2020-05-07","2020-03-31","5/7/2020 8:40:41 PM","34","10-Q","001-06880","20857121","","XBRL","24218707","1","1","d897119d10q.htm","10-Q"
"72971","https://www.sec.gov/Archives/edgar/data/0000072971/000007297120000236/0000072971-20-000236.txt","0000072971-20-000236","0000072971-20-000236.txt","./www.sec.gov/Archives/edgar/data/0000072971/000007297120000236/0000072971-20-000236.txt","2020-05-05","2020-03-31","5/5/2020 7:25:29 PM","34","10-Q","001-02979","20848590","","XBRL","78349867","1","1","wfc-0331x2020x10q.htm","10-Q"
"713676","https://www.sec.gov/Archives/edgar/data/0000713676/000071367620000078/0000713676-20-000078.txt","0000713676-20-000078","0000713676-20-000078.txt","./www.sec.gov/Archives/edgar/data/0000713676/000071367620000078/0000713676-20-000078.txt","2020-05-05","2020-03-31","5/5/2020 3:56:20 PM","34","10-Q","001-09718","20847765","","XBRL","34663065","1","1","pncq1202010-q.htm","10-Q"
"70858","https://www.sec.gov/Archives/edgar/data/0000070858/000007085820000023/0000070858-20-000023.txt","0000070858-20-000023","0000070858-20-000023.txt","./www.sec.gov/Archives/edgar/data/0000070858/000007085820000023/0000070858-20-000023.txt","2020-05-01","2020-03-31","5/1/2020 8:56:46 PM","34","10-Q","001-06523","20841605","","XBRL","50922767","1","1","bac-0331202010xq.htm","10-Q"
"72971","https://www.sec.gov/Archives/edgar/data/0000072971/000119312520130322/0001193125-20-130322.txt","0001193125-20-130322","0001193125-20-130322.txt","./www.sec.gov/Archives/edgar/data/0000072971/000119312520130322/0001193125-20-130322.txt","2020-05-01","2020-05-01","5/1/2020 5:01:23 PM","34","8-K","001-02979","20839716","9.01","XBRL","786447","1","1","d895807d8k.htm","8-K"
"72971","https://www.sec.gov/Archives/edgar/data/0000072971/000119312520130104/0001193125-20-130104.txt","0001193125-20-130104","0001193125-20-130104.txt","./www.sec.gov/Archives/edgar/data/0000072971/000119312520130104/0001193125-20-130104.txt","2020-05-01","2020-04-28","5/1/2020 3:11:54 PM","34","8-K","001-02979","20839165","5.07","XBRL","364665","1","1","d898690d8k.htm","8-K"
"713676","https://www.sec.gov/Archives/edgar/data/0000713676/000071367620000074/0000713676-20-000074.txt","0000713676-20-000074","0000713676-20-000074.txt","./www.sec.gov/Archives/edgar/data/0000713676/000071367620000074/0000713676-20-000074.txt","2020-05-01","2020-04-28","5/1/2020 12:31:34 PM","34","8-K","001-09718","20838514","5.02,5.07","XBRL","293010","1","1","a2020annualmeeting8-k.htm","8-K"
"72971","https://www.sec.gov/Archives/edgar/data/0000072971/000119312520128742/0001193125-20-128742.txt","0001193125-20-128742","0001193125-20-128742.txt","./www.sec.gov/Archives/edgar/data/0000072971/000119312520128742/0001193125-20-128742.txt","2020-04-30","2020-04-30","4/30/2020 8:01:24 PM","34","8-K","001-02979","20835553","9.01","XBRL","621248","1","1","d923359d8k.htm","8-K"
"72971","https://www.sec.gov/Archives/edgar/data/0000072971/000138713120004301/0001387131-20-004301.txt","0001387131-20-004301","0001387131-20-004301.txt","./www.sec.gov/Archives/edgar/data/0000072971/000138713120004301/0001387131-20-004301.txt","2020-04-30","2020-04-30","4/30/2020 7:05:04 PM","34","8-K","001-02979","20835153","9.01","XBRL","813385","1","1","wfc-8k_043020.htm","CURRENT REPORT"
"70858","https://www.sec.gov/Archives/edgar/data/0000070858/000007085820000020/0000070858-20-000020.txt","0000070858-20-000020","0000070858-20-000020.txt","./www.sec.gov/Archives/edgar/data/0000070858/000007085820000020/0000070858-20-000020.txt","2020-04-23","2020-04-22","4/23/2020 8:44:50 PM","34","8-K","001-06523","20811571","5.07","XBRL","474652","1","1","bac-042220208xkvotingr.htm","8-K"
"36104","https://www.sec.gov/Archives/edgar/data/0000036104/000119312520117183/0001193125-20-117183.txt","0001193125-20-117183","0001193125-20-117183.txt","./www.sec.gov/Archives/edgar/data/0000036104/000119312520117183/0001193125-20-117183.txt","2020-04-23","2020-04-21","4/23/2020 8:15:51 PM","34","8-K","001-06880","20811187","5.07","XBRL","269486","1","1","d917205d8k.htm","8-K"
"72971","https://www.sec.gov/Archives/edgar/data/0000072971/000138713120003968/0001387131-20-003968.txt","0001387131-20-003968","0001387131-20-003968.txt","./www.sec.gov/Archives/edgar/data/0000072971/000138713120003968/0001387131-20-003968.txt","2020-04-17","2020-04-17","4/17/2020 7:01:40 PM","34","8-K","001-02979","20799215","9.01","XBRL","923521","1","1","wfc-8k_041720.htm","CURRENT REPORT"
"713676","https://www.sec.gov/Archives/edgar/data/0000713676/000071367620000070/0000713676-20-000070.txt","0000713676-20-000070","0000713676-20-000070.txt","./www.sec.gov/Archives/edgar/data/0000713676/000071367620000070/0000713676-20-000070.txt","2020-04-15","2020-04-15","4/15/2020 4:11:25 PM","34","8-K","001-09718","20793065","2.02,8.01,9.01","XBRL","6540087","1","1","q120208-kfs.htm","8-K"
"36104","https://www.sec.gov/Archives/edgar/data/0000036104/000119312520107589/0001193125-20-107589.txt","0001193125-20-107589","0001193125-20-107589.txt","./www.sec.gov/Archives/edgar/data/0000036104/000119312520107589/0001193125-20-107589.txt","2020-04-15","2020-04-15","4/15/2020 10:52:01 AM","34","8-K","001-06880","20792561","2.02,9.01","XBRL","11649143","1","1","d916785d8k.htm","8-K"
"713676","https://www.sec.gov/Archives/edgar/data/0000713676/000071367620000068/0000713676-20-000068.txt","0000713676-20-000068","0000713676-20-000068.txt","./www.sec.gov/Archives/edgar/data/0000713676/000071367620000068/0000713676-20-000068.txt","2020-04-15","2020-04-15","4/15/2020 10:46:07 AM","34","8-K","001-09718","20792556","2.02,9.01","XBRL","1213154","1","1","q120208-kfh.htm","8-K"
"70858","https://www.sec.gov/Archives/edgar/data/0000070858/000007085820000018/0000070858-20-000018.txt","0000070858-20-000018","0000070858-20-000018.txt","./www.sec.gov/Archives/edgar/data/0000070858/000007085820000018/0000070858-20-000018.txt","2020-04-15","2020-04-15","4/15/2020 10:46:04 AM","34","8-K","001-06523","20792555","2.02,7.01,9.01","XBRL","17123012","1","1","bac-033120208xk.htm","8-K"
"72971","https://www.sec.gov/Archives/edgar/data/0000072971/000138713120003874/0001387131-20-003874.txt","0001387131-20-003874","0001387131-20-003874.txt","./www.sec.gov/Archives/edgar/data/0000072971/000138713120003874/0001387131-20-003874.txt","2020-04-14","2020-04-14","4/14/2020 7:04:15 PM","34","8-K","001-02979","20791137","9.01","XBRL","558116","1","1","wfc-8k_041420.htm","CURRENT REPORT"
"72971","https://www.sec.gov/Archives/edgar/data/0000072971/000007297120000230/0000072971-20-000230.txt","0000072971-20-000230","0000072971-20-000230.txt","./www.sec.gov/Archives/edgar/data/0000072971/000007297120000230/0000072971-20-000230.txt","2020-04-14","2020-04-14","4/14/2020 11:46:22 AM","34","8-K","001-02979","20790073","2.02,8.01,9.01","XBRL","14134289","1","1","wfc1qer04-14x20form8xk.htm","8-K"
"72971","https://www.sec.gov/Archives/edgar/data/0000072971/000007297120000227/0000072971-20-000227.txt","0000072971-20-000227","0000072971-20-000227.txt","./www.sec.gov/Archives/edgar/data/0000072971/000007297120000227/0000072971-20-000227.txt","2020-04-09","2020-04-08","4/9/2020 6:33:26 PM","34","8-K","001-02979","20783995","8.01,9.01","XBRL","1203222","1","1","wfc04-09x20form8xk.htm","FORM 8-K"
"70858","https://www.sec.gov/Archives/edgar/data/0000070858/000119312520101412/0001193125-20-101412.txt","0001193125-20-101412","0001193125-20-101412.txt","./www.sec.gov/Archives/edgar/data/0000070858/000119312520101412/0001193125-20-101412.txt","2020-04-08","","4/8/2020 8:32:05 PM","34","DEFA14A","001-06523","20782278","","DEFA14A","48863","0","0","d915696ddefa14a.htm","DEFA14A"
"72971","https://www.sec.gov/Archives/edgar/data/0000072971/000138713120003782/0001387131-20-003782.txt","0001387131-20-003782","0001387131-20-003782.txt","./www.sec.gov/Archives/edgar/data/0000072971/000138713120003782/0001387131-20-003782.txt","2020-04-08","2020-04-08","4/8/2020 7:02:52 PM","34","8-K","001-02979","20781878","9.01","XBRL","691133","1","1","wfc-8k_040820.htm","CURRENT REPORT"
"72971","https://www.sec.gov/Archives/edgar/data/0000072971/000138713120003766/0001387131-20-003766.txt","0001387131-20-003766","0001387131-20-003766.txt","./www.sec.gov/Archives/edgar/data/0000072971/000138713120003766/0001387131-20-003766.txt","2020-04-07","2020-04-07","4/7/2020 7:00:55 PM","34","8-K","001-02979","20779499","9.01","XBRL","589203","1","1","wfc-8k_040720.htm","CURRENT REPORT"
"72971","https://www.sec.gov/Archives/edgar/data/0000072971/000138713120003746/0001387131-20-003746.txt","0001387131-20-003746","0001387131-20-003746.txt","./www.sec.gov/Archives/edgar/data/0000072971/000138713120003746/0001387131-20-003746.txt","2020-04-06","2020-04-06","4/6/2020 7:13:41 PM","34","8-K","001-02979","20776845","9.01","XBRL","932450","1","1","wfc-8k_040620.htm","CURRENT REPORT"
"72971","https://www.sec.gov/Archives/edgar/data/0000072971/000119312520099215/0001193125-20-099215.txt","0001193125-20-099215","0001193125-20-099215.txt","./www.sec.gov/Archives/edgar/data/0000072971/000119312520099215/0001193125-20-099215.txt","2020-04-06","","4/6/2020 3:51:57 PM","34","DEFA14A","001-02979","20776296","","DEFA14A","54860","0","0","d931076ddefa14a.htm","DEFA14A"
"72971","https://www.sec.gov/Archives/edgar/data/0000072971/000138713120003703/0001387131-20-003703.txt","0001387131-20-003703","0001387131-20-003703.txt","./www.sec.gov/Archives/edgar/data/0000072971/000138713120003703/0001387131-20-003703.txt","2020-04-03","2020-04-03","4/3/2020 7:00:54 PM","34","8-K","001-02979","20772999","9.01","XBRL","771091","1","1","wfc-8k_040320.htm","CURRENT REPORT"
"713676","https://www.sec.gov/Archives/edgar/data/0000713676/000071367620000059/0000713676-20-000059.txt","0000713676-20-000059","0000713676-20-000059.txt","./www.sec.gov/Archives/edgar/data/0000713676/000071367620000059/0000713676-20-000059.txt","2020-04-03","","4/3/2020 12:31:42 PM","34","DEFA14A","001-09718","20771733","","DEFA14A","92012","0","0","noticeofvirtualmeeting.htm","DEFA14A"
"72971","https://www.sec.gov/Archives/edgar/data/0000072971/000138713120003640/0001387131-20-003640.txt","0001387131-20-003640","0001387131-20-003640.txt","./www.sec.gov/Archives/edgar/data/0000072971/000138713120003640/0001387131-20-003640.txt","2020-04-02","2020-04-02","4/2/2020 7:14:47 PM","34","8-K","001-02979","20768610","9.01","XBRL","2521887","1","1","wfc-8k_040220.htm","CURRENT REPORT"
"72971","https://www.sec.gov/Archives/edgar/data/0000072971/000138713120003557/0001387131-20-003557.txt","0001387131-20-003557","0001387131-20-003557.txt","./www.sec.gov/Archives/edgar/data/0000072971/000138713120003557/0001387131-20-003557.txt","2020-04-01","2020-04-01","4/1/2020 7:01:53 PM","34","8-K","001-02979","20765031","9.01","XBRL","678739","1","1","wfc-8k_040120.htm","CURRENT REPORT"
"72971","https://www.sec.gov/Archives/edgar/data/0000072971/000138713120003496/0001387131-20-003496.txt","0001387131-20-003496","0001387131-20-003496.txt","./www.sec.gov/Archives/edgar/data/0000072971/000138713120003496/0001387131-20-003496.txt","2020-03-31","2020-03-31","3/31/2020 7:05:27 PM","34","8-K","001-02979","20761358","9.01","XBRL","2026755","1","1","wfc-8k_0331120.htm","CURRENT REPORT"
"72971","https://www.sec.gov/Archives/edgar/data/0000072971/000138713120003409/0001387131-20-003409.txt","0001387131-20-003409","0001387131-20-003409.txt","./www.sec.gov/Archives/edgar/data/0000072971/000138713120003409/0001387131-20-003409.txt","2020-03-30","2020-03-30","3/30/2020 7:07:21 PM","34","8-K","001-02979","20756463","9.01","XBRL","765140","1","1","wfc-8k_033020.htm","CURRENT REPORT"
"72971","https://www.sec.gov/Archives/edgar/data/0000072971/000119312520090815/0001193125-20-090815.txt","0001193125-20-090815","0001193125-20-090815.txt","./www.sec.gov/Archives/edgar/data/0000072971/000119312520090815/0001193125-20-090815.txt","2020-03-30","2020-03-30","3/30/2020 7:05:51 PM","34","8-K","001-02979","20756452","9.01","XBRL","624853","1","1","d847220d8k.htm","8-K"
"72971","https://www.sec.gov/Archives/edgar/data/0000072971/000138713120003338/0001387131-20-003338.txt","0001387131-20-003338","0001387131-20-003338.txt","./www.sec.gov/Archives/edgar/data/0000072971/000138713120003338/0001387131-20-003338.txt","2020-03-27","2020-03-27","3/27/2020 8:26:06 PM","34","8-K","001-02979","20752139","9.01","XBRL","1130549","1","1","wfc-8k_032720.htm","CURRENT REPORT"
"72971","https://www.sec.gov/Archives/edgar/data/0000072971/000138713120003264/0001387131-20-003264.txt","0001387131-20-003264","0001387131-20-003264.txt","./www.sec.gov/Archives/edgar/data/0000072971/000138713120003264/0001387131-20-003264.txt","2020-03-26","2020-03-26","3/26/2020 7:23:17 PM","34","8-K","001-02979","20745958","9.01","XBRL","560047","1","1","wfc-8k_032620.htm","CURRENT REPORT"
"72971","https://www.sec.gov/Archives/edgar/data/0000072971/000138713120003218/0001387131-20-003218.txt","0001387131-20-003218","0001387131-20-003218.txt","./www.sec.gov/Archives/edgar/data/0000072971/000138713120003218/0001387131-20-003218.txt","2020-03-25","2020-03-25","3/25/2020 7:08:18 PM","34","8-K","001-02979","20741991","9.01","XBRL","1229072","1","1","wfc-8k_032520.htm","CURRENT REPORT"
"72971","https://www.sec.gov/Archives/edgar/data/0000072971/000138713120003095/0001387131-20-003095.txt","0001387131-20-003095","0001387131-20-003095.txt","./www.sec.gov/Archives/edgar/data/0000072971/000138713120003095/0001387131-20-003095.txt","2020-03-23","2020-03-23","3/23/2020 7:03:01 PM","34","8-K","001-02979","20734713","9.01","XBRL","617124","1","1","wfc-8k_032320.htm","CURRENT REPORT"
"72971","https://www.sec.gov/Archives/edgar/data/0000072971/000138713120003065/0001387131-20-003065.txt","0001387131-20-003065","0001387131-20-003065.txt","./www.sec.gov/Archives/edgar/data/0000072971/000138713120003065/0001387131-20-003065.txt","2020-03-20","2020-03-20","3/20/2020 7:09:31 PM","34","8-K","001-02979","20731712","9.01","XBRL","723979","1","1","wfc-8k_032020.htm","CURRENT REPORT"
"36104","https://www.sec.gov/Archives/edgar/data/0000036104/000110465920035857/0001104659-20-035857.txt","0001104659-20-035857","0001104659-20-035857.txt","./www.sec.gov/Archives/edgar/data/0000036104/000110465920035857/0001104659-20-035857.txt","2020-03-19","","3/19/2020 8:22:01 PM","34","DEFA14A","001-06880","20728817","","DEFA14A","51926","0","0","tm2013118-2_defa14a.htm","DEFA14A"
"36104","https://www.sec.gov/Archives/edgar/data/0000036104/000110465920035852/0001104659-20-035852.txt","0001104659-20-035852","0001104659-20-035852.txt","./www.sec.gov/Archives/edgar/data/0000036104/000110465920035852/0001104659-20-035852.txt","2020-03-19","2020-03-18","3/19/2020 8:18:23 PM","34","8-K","001-06880","20728761","5.03,8.01,9.01","XBRL","514061","1","1","tm2013118d1_8k.htm","FORM 8-K"
"72971","https://www.sec.gov/Archives/edgar/data/0000072971/000138713120003026/0001387131-20-003026.txt","0001387131-20-003026","0001387131-20-003026.txt","./www.sec.gov/Archives/edgar/data/0000072971/000138713120003026/0001387131-20-003026.txt","2020-03-19","2020-03-19","3/19/2020 7:34:15 PM","34","8-K","001-02979","20728300","9.01","XBRL","1219347","1","1","wfc-8k_031920.htm","CURRENT REPORT"
"72971","https://www.sec.gov/Archives/edgar/data/0000072971/000138713120002992/0001387131-20-002992.txt","0001387131-20-002992","0001387131-20-002992.txt","./www.sec.gov/Archives/edgar/data/0000072971/000138713120002992/0001387131-20-002992.txt","2020-03-18","2020-03-18","3/18/2020 7:24:12 PM","34","8-K","001-02979","20724170","9.01","XBRL","697463","1","1","wfc-8k_031820.htm","CURRENT REPORT"
"713676","https://www.sec.gov/Archives/edgar/data/0000713676/000071367620000054/0000713676-20-000054.txt","0000713676-20-000054","0000713676-20-000054.txt","./www.sec.gov/Archives/edgar/data/0000713676/000071367620000054/0000713676-20-000054.txt","2020-03-17","","3/17/2020 8:32:00 PM","34","DEFA14A","001-09718","20721431","","DEFA14A","2994612","0","0","pnc2020defa14a.htm","DEFA14A"
"713676","https://www.sec.gov/Archives/edgar/data/0000713676/000071367620000052/0000713676-20-000052.txt","0000713676-20-000052","0000713676-20-000052.txt","./www.sec.gov/Archives/edgar/data/0000713676/000071367620000052/0000713676-20-000052.txt","2020-03-17","2020-04-28","3/17/2020 8:21:34 PM","34","DEF 14A","001-09718","20721261","","DEF 14A","10778140","0","0","pnc2020proxystatement.htm","DEF 14A"
"72971","https://www.sec.gov/Archives/edgar/data/0000072971/000138713120002936/0001387131-20-002936.txt","0001387131-20-002936","0001387131-20-002936.txt","./www.sec.gov/Archives/edgar/data/0000072971/000138713120002936/0001387131-20-002936.txt","2020-03-17","2020-03-17","3/17/2020 5:15:45 PM","34","8-K","001-02979","20720246","9.01","XBRL","493660","1","1","wfc-8k_031720.htm","CURRENT REPORT"
"72971","https://www.sec.gov/Archives/edgar/data/0000072971/000119312520075765/0001193125-20-075765.txt","0001193125-20-075765","0001193125-20-075765.txt","./www.sec.gov/Archives/edgar/data/0000072971/000119312520075765/0001193125-20-075765.txt","2020-03-17","2020-03-17","3/17/2020 5:01:50 PM","34","8-K","001-02979","20720192","5.03,9.01","XBRL","353706","1","1","d876167d8k.htm","8-K"
"72971","https://www.sec.gov/Archives/edgar/data/0000072971/000119312520074932/0001193125-20-074932.txt","0001193125-20-074932","0001193125-20-074932.txt","./www.sec.gov/Archives/edgar/data/0000072971/000119312520074932/0001193125-20-074932.txt","2020-03-16","","3/16/2020 8:33:32 PM","34","DEFA14A","001-02979","20717663","","DEFA14A","50769","0","0","d864220ddefa14a.htm","DEFINITIVE ADDITIONAL MATERIALS"
"72971","https://www.sec.gov/Archives/edgar/data/0000072971/000119312520074921/0001193125-20-074921.txt","0001193125-20-074921","0001193125-20-074921.txt","./www.sec.gov/Archives/edgar/data/0000072971/000119312520074921/0001193125-20-074921.txt","2020-03-16","2020-04-28","3/16/2020 8:30:06 PM","34","DEF 14A","001-02979","20717568","","DEF 14A","10669505","0","0","d864220ddef14a.htm","DEFINITIVE NOTICE AND PROXY STATEMENT"
"72971","https://www.sec.gov/Archives/edgar/data/0000072971/000138713120002882/0001387131-20-002882.txt","0001387131-20-002882","0001387131-20-002882.txt","./www.sec.gov/Archives/edgar/data/0000072971/000138713120002882/0001387131-20-002882.txt","2020-03-16","2020-03-16","3/16/2020 7:02:45 PM","34","8-K","001-02979","20716757","9.01","XBRL","560740","1","1","wfc-8k_031620.htm","CURRENT REPORT"
"72971","https://www.sec.gov/Archives/edgar/data/0000072971/000138713120002824/0001387131-20-002824.txt","0001387131-20-002824","0001387131-20-002824.txt","./www.sec.gov/Archives/edgar/data/0000072971/000138713120002824/0001387131-20-002824.txt","2020-03-13","2020-03-13","3/13/2020 5:28:06 PM","34","8-K","001-02979","20711777","9.01","XBRL","688560","1","1","wfc-8k_031320.htm","CURRENT REPORT"
"36104","https://www.sec.gov/Archives/edgar/data/0000036104/000110465920032019/0001104659-20-032019.txt","0001104659-20-032019","0001104659-20-032019.txt","./www.sec.gov/Archives/edgar/data/0000036104/000110465920032019/0001104659-20-032019.txt","2020-03-11","2020-03-11","3/11/2020 9:25:04 PM","34","8-K","001-06880","20706305","8.01,9.01","XBRL","1976177","1","1","tm2011542d4_8k.htm","FORM 8-K"
"72971","https://www.sec.gov/Archives/edgar/data/0000072971/000138713120002763/0001387131-20-002763.txt","0001387131-20-002763","0001387131-20-002763.txt","./www.sec.gov/Archives/edgar/data/0000072971/000138713120002763/0001387131-20-002763.txt","2020-03-11","2020-03-11","3/11/2020 7:01:38 PM","34","8-K","001-02979","20705066","9.01","XBRL","1311006","1","1","wfc-8k_031120.htm","CURRENT REPORT"
"36104","https://www.sec.gov/Archives/edgar/data/0000036104/000119312520069751/0001193125-20-069751.txt","0001193125-20-069751","0001193125-20-069751.txt","./www.sec.gov/Archives/edgar/data/0000036104/000119312520069751/0001193125-20-069751.txt","2020-03-11","2020-03-11","3/11/2020 1:06:26 PM","34","8-K","001-06880","20704065","7.01,9.01","XBRL","7233929","1","1","d899204d8k.htm","8-K"
"36104","https://www.sec.gov/Archives/edgar/data/0000036104/000110465920031398/0001104659-20-031398.txt","0001104659-20-031398","0001104659-20-031398.txt","./www.sec.gov/Archives/edgar/data/0000036104/000110465920031398/0001104659-20-031398.txt","2020-03-10","","3/10/2020 8:27:54 PM","34","DEFA14A","001-06880","20701879","","DEFA14A","94185","0","0","a20-1444_4defa14a.htm","DEFA14A"
"36104","https://www.sec.gov/Archives/edgar/data/0000036104/000110465920031396/0001104659-20-031396.txt","0001104659-20-031396","0001104659-20-031396.txt","./www.sec.gov/Archives/edgar/data/0000036104/000110465920031396/0001104659-20-031396.txt","2020-03-10","","3/10/2020 8:25:25 PM","34","DEFA14A","001-06880","20701843","","DEFA14A","445782","0","0","a20-1444_3defa14a.htm","DEFA14A"
"36104","https://www.sec.gov/Archives/edgar/data/0000036104/000104746920001356/0001047469-20-001356.txt","0001047469-20-001356","0001047469-20-001356.txt","./www.sec.gov/Archives/edgar/data/0000036104/000104746920001356/0001047469-20-001356.txt","2020-03-10","2020-04-21","3/10/2020 8:22:14 PM","34","DEF 14A","001-06880","20701805","","DEF 14A","6400276","0","0","a2240788zdef14a.htm","DEF 14A"
"72971","https://www.sec.gov/Archives/edgar/data/0000072971/000138713120002719/0001387131-20-002719.txt","0001387131-20-002719","0001387131-20-002719.txt","./www.sec.gov/Archives/edgar/data/0000072971/000138713120002719/0001387131-20-002719.txt","2020-03-10","2020-03-10","3/10/2020 5:22:32 PM","34","8-K","001-02979","20700813","9.01","XBRL","542764","1","1","wfc-8k_031020.htm","CURRENT REPORT"
"72971","https://www.sec.gov/Archives/edgar/data/0000072971/000119312520067332/0001193125-20-067332.txt","0001193125-20-067332","0001193125-20-067332.txt","./www.sec.gov/Archives/edgar/data/0000072971/000119312520067332/0001193125-20-067332.txt","2020-03-09","2020-03-08","3/9/2020 9:17:50 PM","34","8-K","001-02979","20698878","5.02,7.01,9.01","XBRL","371865","1","1","d909025d8k.htm","FORM 8-K"
"72971","https://www.sec.gov/Archives/edgar/data/0000072971/000138713120002671/0001387131-20-002671.txt","0001387131-20-002671","0001387131-20-002671.txt","./www.sec.gov/Archives/edgar/data/0000072971/000138713120002671/0001387131-20-002671.txt","2020-03-09","2020-03-09","3/9/2020 6:09:48 PM","34","8-K","001-02979","20697522","9.01","XBRL","956041","1","1","wfc-8k_030920.htm","CURRENT REPORT"
"72971","https://www.sec.gov/Archives/edgar/data/0000072971/000007297120000222/0000072971-20-000222.txt","0000072971-20-000222","0000072971-20-000222.txt","./www.sec.gov/Archives/edgar/data/0000072971/000007297120000222/0000072971-20-000222.txt","2020-03-06","2020-03-05","3/6/2020 9:56:10 PM","34","8-K","001-02979","20695571","5.02,9.01","XBRL","705986","1","1","wfc03-06x20form8xk.htm","8-K"
"72971","https://www.sec.gov/Archives/edgar/data/0000072971/000138713120002645/0001387131-20-002645.txt","0001387131-20-002645","0001387131-20-002645.txt","./www.sec.gov/Archives/edgar/data/0000072971/000138713120002645/0001387131-20-002645.txt","2020-03-06","2020-03-06","3/6/2020 8:03:19 PM","34","8-K","001-02979","20694219","9.01","XBRL","1140207","1","1","wfc-8k_030620.htm","CURRENT REPORT"
"72971","https://www.sec.gov/Archives/edgar/data/0000072971/000138713120002576/0001387131-20-002576.txt","0001387131-20-002576","0001387131-20-002576.txt","./www.sec.gov/Archives/edgar/data/0000072971/000138713120002576/0001387131-20-002576.txt","2020-03-05","2020-03-05","3/5/2020 7:18:54 PM","34","8-K","001-02979","20690341","9.01","XBRL","692255","1","1","wfc-8k_030520.htm","CURRENT REPORT"
"72971","https://www.sec.gov/Archives/edgar/data/0000072971/000138713120002516/0001387131-20-002516.txt","0001387131-20-002516","0001387131-20-002516.txt","./www.sec.gov/Archives/edgar/data/0000072971/000138713120002516/0001387131-20-002516.txt","2020-03-04","2020-03-04","3/4/2020 5:47:02 PM","34","8-K","001-02979","20686368","9.01","XBRL","555404","1","1","wfc-8k_030420.htm","CURRENT REPORT"
"72971","https://www.sec.gov/Archives/edgar/data/0000072971/000138713120002451/0001387131-20-002451.txt","0001387131-20-002451","0001387131-20-002451.txt","./www.sec.gov/Archives/edgar/data/0000072971/000138713120002451/0001387131-20-002451.txt","2020-03-03","2020-03-03","3/3/2020 8:01:33 PM","34","8-K","001-02979","20681652","9.01","XBRL","1597491","1","1","wfc-8k_040320.htm","CURRENT REPORT"
"72971","https://www.sec.gov/Archives/edgar/data/0000072971/000138713120002379/0001387131-20-002379.txt","0001387131-20-002379","0001387131-20-002379.txt","./www.sec.gov/Archives/edgar/data/0000072971/000138713120002379/0001387131-20-002379.txt","2020-03-02","2020-03-02","3/2/2020 6:23:31 PM","34","8-K","001-02979","20675840","9.01","XBRL","581928","1","1","wfc-8k_030220.htm","CURRENT REPORT"
"713676","https://www.sec.gov/Archives/edgar/data/0000713676/000071367620000042/0000713676-20-000042.txt","0000713676-20-000042","0000713676-20-000042.txt","./www.sec.gov/Archives/edgar/data/0000713676/000071367620000042/0000713676-20-000042.txt","2020-03-02","2019-12-31","2/29/2020 12:05:36 AM","34","10-K","001-09718","20673535","","XBRL","57998786","1","1","pnc201910-k.htm","10-K"
"72971","https://www.sec.gov/Archives/edgar/data/0000072971/000007297120000219/0000072971-20-000219.txt","0000072971-20-000219","0000072971-20-000219.txt","./www.sec.gov/Archives/edgar/data/0000072971/000007297120000219/0000072971-20-000219.txt","2020-02-28","2020-02-28","2/28/2020 9:55:42 PM","34","8-K","001-02979","20671554","8.01,9.01","XBRL","959268","1","1","wfc02-28x20form8xk.htm","8-K"
"72971","https://www.sec.gov/Archives/edgar/data/0000072971/000138713120002335/0001387131-20-002335.txt","0001387131-20-002335","0001387131-20-002335.txt","./www.sec.gov/Archives/edgar/data/0000072971/000138713120002335/0001387131-20-002335.txt","2020-02-28","2020-02-28","2/28/2020 8:01:16 PM","34","8-K","001-02979","20669087","9.01","XBRL","3006634","1","1","wfc-8k_022820.htm","CURRENT REPORT"
"72971","https://www.sec.gov/Archives/edgar/data/0000072971/000138713120002226/0001387131-20-002226.txt","0001387131-20-002226","0001387131-20-002226.txt","./www.sec.gov/Archives/edgar/data/0000072971/000138713120002226/0001387131-20-002226.txt","2020-02-27","2020-02-27","2/27/2020 8:03:01 PM","34","8-K","001-02979","20661215","9.01","XBRL","783919","1","1","wfc-8k_022720.htm","CURRENT REPORT"
"72971","https://www.sec.gov/Archives/edgar/data/0000072971/000007297120000217/0000072971-20-000217.txt","0000072971-20-000217","0000072971-20-000217.txt","./www.sec.gov/Archives/edgar/data/0000072971/000007297120000217/0000072971-20-000217.txt","2020-02-27","2019-12-31","2/27/2020 2:51:08 AM","34","10-K","001-02979","20658248","","XBRL","102513254","1","1","wfc-12312019x10k.htm","10-K"
"72971","https://www.sec.gov/Archives/edgar/data/0000072971/000119312520050255/0001193125-20-050255.txt","0001193125-20-050255","0001193125-20-050255.txt","./www.sec.gov/Archives/edgar/data/0000072971/000119312520050255/0001193125-20-050255.txt","2020-02-26","2020-02-26","2/26/2020 10:19:53 PM","34","8-K","001-02979","20657184","9.01","XBRL","634585","1","1","d886638d8k.htm","8-K"
"72971","https://www.sec.gov/Archives/edgar/data/0000072971/000138713120002157/0001387131-20-002157.txt","0001387131-20-002157","0001387131-20-002157.txt","./www.sec.gov/Archives/edgar/data/0000072971/000138713120002157/0001387131-20-002157.txt","2020-02-26","2020-02-26","2/26/2020 6:23:29 PM","34","8-K","001-02979","20654627","9.01","XBRL","598156","1","1","wfc-8k_022620.htm","CURRENT REPORT"